Batch Transactions Report,,,,,,,,,
,,,,,Tuesday 09 December 2014,,,,
UMG Txn ID,,Library Name,Client Transaction ID,UMG Version,,Major Version,,Run Date,
0000319f-487f-4038-ac40-d1447dbe2032,,Scenario Library-2014-Oct-06-05-03,8ca30957-910d-42a9-ab21-2669d1aeac99,Scenario UMG Version1412571953445,,1,,1412608080000,
0000c057-4612-4472-a886-6c9b637201d9,,BBB Library-Aug-14-2014-07-30,TEST-1-1 ARRAY,TEST_VERSION2,,1,,1408818343511,
00018f2d-5dde-430b-ae82-13d416ca1dbf,,SSDILTS1-2014-Oct-21-12-51,M7217,MODEL_VENKAT,,1,,1414425600000,
00047250-8270-4ee0-bf0b-2058eab95f0d,,nonHampSC_v4-2014-Oct-17-11-01,NonHampSC4,ExcelUploadForImport,,1,,1413820800000,
0005a06d-c842-4c17-8d25-8dedb5165c7a,,BBB Library-Aug-14-2014-07-30,TEST-1-1 ARRAY,TEST_VERSION2,,1,,1408818343511,
00063caf-fd1c-4be6-95cb-c457bd10cb62,,Test Tenant Library-2014-Sep-26-13-18,TXT_44,Test Tenant Version,,1,,1413820800000,
00064636-1502-4972-82c5-96d0d6d33143,,BBB Library-Aug-14-2014-07-30,TEST-1-1 ARRAY,TEST_VERSION2,,1,,1408818343511,
000672c1-8755-4b64-9d4b-ac287ad08001,,BBB Library-Aug-14-2014-07-30,TEST-1-1 ARRAY,TEST_VERSION2,,1,,1408818343511,
0008ef8c-f78d-40ab-a0ac-296dc9005e2f,,nonHampSC_v4-2014-Oct-17-11-01,NonHampSC4,ExcelUploadForImport,,1,,1413820800000,
000abd75-d6b5-4511-8d4b-3bfbb7520622,,BBB Library-Aug-14-2014-07-30,TEST-1-1 ARRAY,TEST_VERSION2,,1,,1408818343511,
000efa4d-a9d3-4463-9f9e-1c9cf2f6798d,,SSDILTS1-2014-Oct-21-12-51,M7468,MODEL_VENKAT,,1,,1414425600000,
000f4386-a09d-45b4-b097-89f538e2c067,,SSDILTS1-2014-Oct-21-12-51,LL05,MODEL_VENKAT,,1,,1414425600000,
00103d76-4e0c-4854-a1d1-85e44b69a8d0,,SSDILTS1-2014-Oct-21-12-51,M7070,MODEL_VENKAT,,1,,1414425600000,
00104566-fa7e-438d-9455-0b9346622cf4,,BBB Library-Aug-14-2014-07-30,TEST-1-1 ARRAY,TEST_VERSION2,,1,,1408818343511,
00108c8e-3b9c-4b91-9848-a4c132910731,,null,TEST-1-1 ARRAY,TEST_VERSION2,,1,,1408818343511,
00116b52-ef09-4a63-a58d-a787eadd41aa,,SSDILTS1-2014-Oct-21-12-51,M7347,MODEL_VENKAT,,1,,1414425600000,
0012f005-80bc-4214-9179-b2fef785540d,,SSDILTS1-2014-Oct-21-12-51,RG004,RA_2_Demo,,1,,1414425600000,
00139325-5f0c-4ece-9ea9-a13f38de93e7,,null,TEST-1-1 ARRAY,TEST_VERSION2,,1,,1408818343511,
00146344-89b4-4b28-b99c-73e0253da433,,HAMP_runHAMPv5-2014-Oct-28-10-55,123456,HAMP_RUN_VERSION,,1,,1414000260000,
00147a96-0cf0-4f76-8257-8feced19613e,,SSDILTS1-2014-Oct-21-12-51,M7201,MODEL_VENKAT,,1,,1414425600000,
0014ae30-9b09-456b-8e63-5dfe6349ea41,,Test Tenant Library-2014-Sep-26-13-18,SATYA4_TEST_24,Test Tenant Version,,1,,1413820800000,
00154bb1-b08c-4f11-8a72-904768afe0aa,,BBB Library-Aug-14-2014-07-30,TEST-1-1 ARRAY,TEST_VERSION2,,1,,1408818343511,
00157a4c-96b0-4131-9fe1-09c139a445c4,,BBB Library-Aug-14-2014-07-30,TEST-1-1 ARRAY,TEST_VERSION2,,1,,1408818343511,
00168645-aa80-45c1-834c-7ddb3cea0c60,,Test Tenant Library-2014-Sep-26-13-18,SATYA20_TEST_1,Test Tenant Version,,1,,1413820800000,
,Tuesday 09 December 2014,,,,,,Page 1 of,, 4
UMG Txn ID,Library Name,Client Transaction ID,UMG Version,Major Version,Run Date
0016abae-c886-4dd3-b3e6-b4ac658564d2,null,TEST-1-1 ARRAY,TEST_VERSION2,1,1408818343511
0016e2f5-0623-4886-8622-87715bf5b8a5,BBB Library-Aug-14-2014-07-30,TEST-1-1 ARRAY,TEST_VERSION2,1,1408818343511
001726a5-0329-4929-9b94-ba8818705a3c,Test Tenant Library-2014-Sep-26-13-18,TXT_22,Test Tenant Version,1,1413820800000
0018d67d-b0c3-4e0a-b8c9-e75d2fed50a3,SSDILTS1-2014-Oct-21-12-51,M7267,MODEL_VENKAT,1,1414425600000
0018ea17-3b4a-4982-92e0-2c6d7679a99b,BlankArrayOutput-2014-Oct-06-09-50,c6901cea-a72c-480a-bd9e-2d70d232545d,BlankArrayOutput,2,1412601060000
0019c38a-85c3-4e40-be38-6504e7ebebab,BBB Library-Aug-14-2014-07-30,TEST-1-1 ARRAY,TEST_VERSION2,1,1408818343511
001a6304-b628-4d3e-805b-697de7e55c37,BBB Library-Aug-14-2014-07-30,TEST-1-1 ARRAY,TEST_VERSION2,1,1408818343511
001d5d68-00e4-452c-9dde-47e7ab0b1303,SSDILTS1-2014-Oct-21-12-51,M7392,MODEL_VENKAT,1,1414425600000
001eac8c-f5ef-4e30-9144-40affca8f387,SSDILTS1-2014-Oct-21-12-51,SEQUENCE_374,MODEL_VENKAT,1,1414425600000
001eb2ad-ac5c-45c7-88e3-f9ccdc7039ca,BBB Library-Aug-14-2014-07-30,TEST-1-1 ARRAY,TEST_VERSION2,1,1408818343511
002034bf-d3c9-4b5a-98b8-9fd886fdf992,Test Tenant Library-2014-Sep-26-13-18,SATYA16_TEST_17,Test Tenant Version,1,1413820800000
00212000-3fc3-4a19-9142-39742cb0fb11,Test Tenant Library-2014-Sep-26-13-18,SATYA16_TEST_1,Test Tenant Version,1,1413820800000
0021e9e7-1e63-455a-a2dd-25e9a2408007,null,TTM2793,Test Tenant Version,1,1413820800000
00227089-8510-4c55-9aa4-98cdc94a9847,SSDILTS1-2014-Oct-21-12-51,LL14,MODEL_VENKAT,1,1414425600000
00228975-af8f-4d46-9d0d-1ad2d2f97a8a,BBB Library-Aug-14-2014-07-30,TEST-1-1 ARRAY,TEST_VERSION2,1,1408818343511
0022e3ad-9d18-4eb2-b048-c7a33b09b3a3,Test Tenant Library-2014-Sep-26-13-18,TXT_27,Test Tenant Version,1,1413820800000
00248620-2b58-4867-9142-351a27463284,Test Tenant Library-2014-Sep-26-13-18,SATYA20_TEST_34,Test Tenant Version,1,1413820800000
0025ffe0-69ec-4056-a5a2-b1489ac5d762,Test Tenant Library-2014-Sep-26-13-18,SATYA20_TEST_78,Test Tenant Version,1,1413820800000
00260b3b-76fe-40f3-92c0-58d251377acf,SSDILTS1-2014-Oct-21-12-51,M7061,MODEL_VENKAT,1,1414425600000
00266566-e1d1-48c5-bc5c-38a8e98615ba,null,TEST-1-1 ARRAY,TEST_VERSION2,1,1408818343511
00284e13-0ff8-43cd-ad68-175fd92917d4,BBB Library-Aug-14-2014-07-30,TEST-1-1 ARRAY,TEST_VERSION2,1,1408818343511
00289931-36af-4a86-9b2b-d2f64917b3bb,SSDILTS1-2014-Oct-21-12-51,M7419,MODEL_VENKAT,1,1414425600000
0029dbd2-fb68-4be6-856b-f0ac12e0163d,Test Tenant Library-2014-Sep-26-13-18,TXT_18,Test Tenant Version,1,1413820800000
0029ffe3-6eac-4721-806b-2e800e84477c,SSDILTS1-2014-Oct-21-12-51,M7450,MODEL_VENKAT,1,1414425600000
002a07ae-9b76-425a-8db2-665628c92817,SSDILTS1-2014-Oct-21-12-51,M7127,MODEL_VENKAT,1,1414425600000
002a657b-6327-4482-829a-8282fd28a5ca,SSDILTS1-2014-Oct-21-12-51,M7018,MODEL_VENKAT,1,1414425600000
002b9052-293b-4c0e-8a58-ae633440fa08,BBB Library-Aug-14-2014-07-30,TEST-1-1 ARRAY,TEST_VERSION2,1,1408818343511
002c53ad-6d53-4a67-a79a-dc3035785155,BBB Library-Aug-14-2014-07-30,TEST-1-1 ARRAY,TEST_VERSION2,1,1408818343511
002e9e58-699b-47eb-b381-eb8f9f023bab,BBB Library-Aug-14-2014-07-30,TEST-1-1 ARRAY,TEST_VERSION2,1,1408818343511
UMG Txn ID,Library Name,Client Transaction ID,UMG Version,Major Version,Run Date
002fa847-08aa-4c4c-b428-472f11991917,null,LL53,SSDIL,1,1414425600000
002fcd9a-3b79-4d1c-92d1-8bd1228112b6,SSDILTS1-2014-Oct-21-12-51,M7212,MODEL_VENKAT,1,1414425600000
002ff503-6cd8-4a15-9e59-175536918512,null,LL87,SSDIL,1,1414425600000
003003ff-f52b-4beb-b84b-2a306bff4771,Test Tenant Library-2014-Sep-26-13-18,SATYA16_TEST_2,Test Tenant Version,1,1413820800000
00304710-18d9-436f-b01e-19b856d58846,BBB Library-Aug-14-2014-07-30,TEST-1-1 ARRAY,TEST_VERSION2,1,1408818343511
00309dd5-bd85-40bd-931a-4cd8bf867e11,SSDILTS1-2014-Oct-21-12-51,M7172,MODEL_VENKAT,1,1414425600000
003132af-69e7-4481-b070-34deaaa14097,null,TEST-1-1 ARRAY,TEST_VERSION2,1,1408818343511
00316cd4-d50e-435b-8109-282d65e6f047,SSDILTS1-2014-Oct-21-12-51,LL07,MODEL_VENKAT,1,1414425600000
0031f139-589a-4bc6-a25c-0d8ade7c4938,BBB Library-Aug-14-2014-07-30,TEST-1-1 ARRAY,TEST_VERSION2,1,1408818343511
00322bc8-215d-4609-a224-4531294ba719,SSDILTS1-2014-Oct-21-12-51,M7034,MODEL_VENKAT,1,1414425600000
003411fb-4c9a-473a-a605-3292502d3cef,SSDILTS1-2014-Oct-21-12-51,M7265,MODEL_VENKAT,1,1414425600000
0034f198-02af-43e3-82e1-203a7febc101,BBB Library-Aug-14-2014-07-30,TEST-1-1 ARRAY,TEST_VERSION2,1,1408818343511
0035f5fc-5cdd-40b3-b92c-4724acfa4d81,BBB Library-Aug-14-2014-07-30,TEST-1-1 ARRAY,TEST_VERSION2,1,1408818343511
003660f6-8887-4cc0-9176-32997d4ee16d,BBB Library-Aug-14-2014-07-30,TEST-1-1 ARRAY,TEST_VERSION2,1,1408818343511
0036f969-08cf-4c56-aab8-abf35659f699,nonHampSC_v4-2014-Oct-17-11-01,NonHampSC4,ExcelUploadForImport,1,1413820800000
00374bdf-60fb-42da-9dfe-371ed1f4a480,BBB Library-Aug-14-2014-07-30,TEST-1-1 ARRAY,TEST_VERSION2,1,1408818343511
00383578-b3b9-456a-bd5d-17d57d6e76e9,Test Tenant Library-2014-Sep-26-13-18,SATYA16_TEST_45,Test Tenant Version,1,1413820800000
00386314-000b-406c-ab2a-85a6bfb34cdd,BBB Library-Aug-14-2014-07-30,TEST-1-1 ARRAY,TEST_VERSION2,1,1408818343511
0038fb9d-f969-402e-8992-619bdbbb0906,Test Tenant Library-2014-Sep-26-13-18,TXT_9,Test Tenant Version,1,1413820800000
00390c4c-c41f-4ae5-8e47-fc9f786ab5cf,Test Tenant Library-2014-Sep-26-13-18,TXT_41,Test Tenant Version,1,1413820800000
003a379f-e677-4794-b14e-34a0dd9a00db,SSDILTS1-2014-Oct-21-12-51,M7147,MODEL_VENKAT,1,1414425600000
003ae17f-a29d-4ea4-83dc-24d8336dd83e,null,null,null,0,1410850452746
003be519-ca62-4e18-b7c2-143425cd65f0,SSDILTS1-2014-Oct-21-12-51,M7022,MODEL_VENKAT,1,1414425600000
003c3a5c-84dd-4941-8305-f1ec73e71cf6,Test Tenant Library-2014-Sep-26-13-18,TTM577,Test Tenant Version,1,1413820800000
003c8911-bd3b-4f59-85b3-adf1442c694a,nonHampSC_v4-2014-Oct-17-11-01,NonHampSC4,ExcelUploadForImport,1,1413820800000
003cdef8-ceff-4ad3-b77c-00b2a173742a,SSDILTS1-2014-Oct-21-12-51,M7172,MODEL_VENKAT,1,1414425600000
003d8227-509b-4d18-aac3-a0a0aa467514,null,TEST-1-1 ARRAY,TEST_VERSION2,1,1408818343511
003dac05-30c5-4991-bac6-59d4e0df4005,Test Tenant Library-2014-Sep-26-13-18,TXT_9,Test Tenant Version,1,1413820800000
003db813-bfba-48a2-99b2-33f3f2d65df0,BBB Library-Aug-14-2014-07-30,TEST-1-1 ARRAY,TEST_VERSION2,1,1408818343511
UMG Txn ID,Library Name,Client Transaction ID,UMG Version,Major Version,Run Date
003ec109-c4f5-413f-b157-176d3d1e55bf,nonHampSC_v4-2014-Oct-17-11-01,NonHampSC4,ExcelUploadForImport,1,1413820800000
003ee66a-6c60-4fb5-913e-6aacbab67c9a,BBB Library-Aug-14-2014-07-30,TEST-1-1 ARRAY,TEST_VERSION2,1,1408818343511
004017e0-ed3c-4f9f-a6a4-c33f16c4144f,Test Tenant Library-2014-Sep-26-13-18,SATYA5_TEST_84,Test Tenant Version,1,1413820800000
0040c0df-9021-4bb5-8a4f-11ce0e7de38a,Test Tenant Library-2014-Sep-26-13-18,SATYA20_TEST_23,Test Tenant Version,1,1413820800000
00411130-93b8-48a2-bc9c-ebd74e84d4cb,BBB Library-Aug-14-2014-07-30,TEST-1-1 ARRAY,TEST_VERSION2,1,1408818343511
00414c55-26de-441e-8c16-58ea513a1100,BBB Library-Aug-14-2014-07-30,TEST-1-1 ARRAY,TEST_VERSION2,1,1408818343511
00416436-b504-4b3b-af9f-218da99a7893,null,TXT_40,Test Tenant Version,1,1413820800000
00417fe7-393c-4eb7-b905-abb34d0e608c,null,LL480,SSDIL,1,1414425600000
00419fde-0fa3-464b-9128-102a7bb37acb,TEST_LIBRARY-2014-Oct-28-10-44,TEST-1-1 ARRAY,TEST_VERSION1,1,1408818343511
0043d473-e5a8-499a-823e-7dba08b25702,runtermT2calc-2014-Oct-22-10-17,c9c1a35a-ba32-446f-a0f5-8b7fc2408d5e,runtermsT2CalcTntModelName,1,1414419840000
0043dd13-478b-45b8-882b-9eb3f79a119e,nonHampSC_v4-2014-Oct-17-11-01,NonHampSC4,ExcelUploadForImport,1,1413820800000
00445a58-0992-4c1f-b4e5-0be4b68c9f5c,SSDILTS1-2014-Oct-21-12-51,M7055,MODEL_VENKAT,1,1414425600000
0044c5d7-342f-4d7d-9089-bb28e680e893,SSDILTS1-2014-Oct-21-12-51,M7038,MODEL_VENKAT,1,1414425600000
0044e964-b237-465d-87f1-cf7eeaf6d0f2,SSDILTS1-2014-Oct-21-12-51,M7337,MODEL_VENKAT,1,1414425600000
0044fbcf-84c4-4f04-ba5b-759933cfec4b,nonHampSC_v4-2014-Oct-17-11-01,UMG-1954,nonHampSCv1 Tenant 1 syn default 1,2,1412332860000
0045cfaa-13c2-4543-b3f4-fd34bae2b08f,SSDILTS1-2014-Oct-21-12-51,M7220,MODEL_VENKAT,1,1414425600000
0045f840-7f7b-4bf9-89d2-ca1c06297280,Test Tenant Library-2014-Sep-26-13-18,SATYA20_TEST_16,Test Tenant Version,1,1413820800000
00460932-c50d-4994-9799-5ae492d223c7,BBB Library-Aug-14-2014-07-30,TEST-1-1 ARRAY,TEST_VERSION2,1,1408818343511
